<?xml version="1.0" encoding="UTF-8" ?>
<!DOCTYPE mapper
  PUBLIC "-//mybatis.org//DTD Mapper 3.0//EN"
  "https://mybatis.org/dtd/mybatis-3-mapper.dtd">
<mapper namespace="com.ktdsuniversity.edu.do_to_list.bbs.dao.ScheduleDao">

	<select id="selectAllSchedule">
	SELECT ID,
	       ISDONE,
	       SUBJECT, 
	       DEADLINE
	  FROM TODOLIST
	</select>
	
	<insert id="insertSchedule" parameterType="com.ktdsuniversity.edu.do_to_list.bbs.vo.ScheduleWriteVO"  >
	INSERT INTO TODOLIST
	     ( ID 
	     , ISDONE
	     , SUBJECT
	     , DEADLINE)
	 VALUES(
	         ID_SEQ.NEXTVAL
	       , 'N'
	       , #{subject}
	       , TO_DATE(#{deadline}, 'YYYY-MM-DD'))
	</insert>
	
	<delete id="deleteSchedule" parameterType="_int">
	DELETE FROM TODOLIST
	WHERE ID = #{_parameter}
	</delete>
	
	<update id="updateSchedule" parameterType="_int">
	UPDATE TODOLIST
	   SET ISDONE='Y'
     WHERE ID = #{_parameter}
	</update>
	
</mapper>