

<configuration>


  <appender name="STDOUT" class="ch.qos.logback.core.ConsoleAppender">
    <!-- encoders are assigned the type
         ch.qos.logback.classic.encoder.PatternLayoutEncoder by default -->
    <encoder>
      <pattern> %d{yyyy-MM-dd HH:mm:ss.SSS} [%thread] %-5level %logger{35} - %msg %n</pattern>
    </encoder>
  </appender>

  <appender name="FILE" class="ch.qos.logback.core.rolling.RollingFileAppender">
    <file>C:\\log\\hello-spring.log</file>
    <rollingPolicy class="ch.qos.logback.core.rolling.TimeBasedRollingPolicy">
      <!-- daily rollover -->
      <fileNamePattern>C:\\log\\hello-spring.%d{yyyy-MM-dd}.log</fileNamePattern>

    </rollingPolicy>

    <encoder>
      <pattern>%d{yyyy-MM-dd HH:mm:ss.SSS} [%thread] %-5level %logger{35} - %msg %n</pattern>
    </encoder>
  </appender> 


  <root level="DEBUG"> // debug 파라미터 리턴값 등 Info 결정된 사항
    <appender-ref ref="FILE" />
    <appender-ref ref="STDOUT" />
  </root>
  </configuration>